#chr	male_nu	male_p	female_nu	female_p
1	7.45195539033457	0.068	7.45195539033457	0.068
2	7.31315045448379	0.06	7.31315045448379	0.06
